Datetime,Benchmark,Strategy,Para1,Para2,Para3,Para4
2017-06-01 16:00:00,0.14,0,0,0,0,0
2017-06-02 16:00:00,-0.18,0,0,0,0,0
2017-06-05 16:00:00,-0.69,0.8,79748,0,9327683,0
2017-06-06 16:00:00,0,1.07,26907,0,0,0
2017-06-07 16:00:00,1.17,2.25,118516,0,0,0
2017-06-08 16:00:00,1.95,2.07,0,-17906.6,0,0
2017-06-09 16:00:00,2.38,2.2,13144.8,0,0,0
2017-06-12 16:00:00,2.33,2.2,0,-729.2,8132282,-7805111
2017-06-13 16:00:00,2.56,2.88,68378.8,0,0,0
2017-06-14 16:00:00,1.21,2.04,0,-84303,0,0
2017-06-15 16:00:00,1.03,2.41,37713,0,0,0
2017-06-16 16:00:00,0.74,1.95,0,-46883,0,0
2017-06-19 16:00:00,1.74,2.97,102392,0,8491783,-8135972
2017-06-20 16:00:00,1.53,3.09,12167,0,0,0
2017-06-21 16:00:00,2.72,3.51,41627,0,0,0
2017-06-22 16:00:00,2.79,3.42,0,-8798.8,0,0
2017-06-23 16:00:00,3.72,4.07,64732,0,0,0
2017-06-26 16:00:00,5.02,6.26,219724,0,8323421,-8308279
2017-06-27 16:00:00,5.21,5.99,0,-27333,0,0
2017-06-28 16:00:00,4.39,5.16,0,-82764.88,0,0
2017-06-29 16:00:00,5.04,6.16,99297.72,0,0,0
2017-06-30 16:00:00,4.98,5.55,0,-60584.4,0,0
2017-07-03 16:00:00,4.52,6.94,139352.4,0,8089809,-8099155
2017-07-04 16:00:00,3.64,6.33,0,-61398,0,0
2017-07-05 16:00:00,4.78,6.92,58736,0,0,0
2017-07-06 16:00:00,4.79,6.32,0,-60215,0,0
2017-07-07 16:00:00,4.67,6.44,12841.4,0,0,0
2017-07-10 16:00:00,4.6,6.78,33384,0,9171000,-9514305
2017-07-11 16:00:00,5.09,5.65,0,-112879.56,0,0
2017-07-12 16:00:00,4.75,5.77,11881.12,0,0,0
2017-07-13 16:00:00,5.56,7.33,156434,0,0,0
2017-07-14 16:00:00,6.02,7.05,0,-28439,0,0
2017-07-17 16:00:00,4.89,5.71,0,-134011,8894328,-9240261
2017-07-18 16:00:00,4.99,7.29,158250.04,0,0,0
2017-07-19 16:00:00,6.78,9.55,226040,0,0,0
2017-07-20 16:00:00,7.3,9.34,0,-21506,0,0
2017-07-21 16:00:00,6.75,8.88,0,-45878.32,0,0
2017-07-24 16:00:00,7.17,9.43,55785,0,9761271,-9032773
2017-07-25 16:00:00,6.49,8.35,0,-108557,0,0
2017-07-26 16:00:00,6.08,8.21,0,-13703,0,0
2017-07-27 16:00:00,6.28,8.55,33730.6,0,0,0
2017-07-28 16:00:00,6.56,8.54,0,-623,0,0
2017-07-31 16:00:00,7.01,10.46,191953,0,7972318,-8319017
2017-08-01 16:00:00,7.94,11.22,75709,0,0,0
2017-08-02 16:00:00,7.67,10.73,0,-49159,0,0
2017-08-03 16:00:00,6.73,11.35,62319,0,0,0
2017-08-04 16:00:00,6.15,9.98,0,-137305,0,0
2017-08-07 16:00:00,6.7,10.94,96509,0,8062724,-7753597
2017-08-08 16:00:00,6.85,11.75,80814,0,0,0
2017-08-09 16:00:00,6.82,11.75,76,0,0,0
2017-08-10 16:00:00,6.39,11.23,0,-51848,0,0
2017-08-11 16:00:00,4.42,8.33,0,-290136,0,0
2017-08-14 16:00:00,5.78,10.67,233347,0,8732639,-8683970
2017-08-15 16:00:00,6.1,11.23,56102,0,0,0
2017-08-16 16:00:00,5.97,11.56,33007.4,0,0,0
2017-08-17 16:00:00,6.54,12.21,65538,0,0,0
2017-08-18 16:00:00,6.64,11.64,0,-56831,0,0
2017-08-21 16:00:00,7.1,11.91,26515,0,7140909,-8268040
2017-08-22 16:00:00,7.43,10.73,0,-117739,0,0
2017-08-23 16:00:00,7.54,10.14,0,-59103,0,0
2017-08-24 16:00:00,6.92,9.06,0,-108108,0,0
2017-08-25 16:00:00,8.67,10.17,110654,0,0,0
2017-08-28 16:00:00,10.02,13.69,352307,0,9179665,-8048102
2017-08-29 16:00:00,9.78,12.76,0,-92418,0,0
2017-08-30 16:00:00,9.77,13.14,37375,0,0,0
2017-08-31 16:00:00,9.43,13.99,84895,0,0,0
2017-09-01 16:00:00,9.67,14.55,56200,0,0,0
2017-09-04 16:00:00,10.1,15.43,87950,0,9149197,-9542403
2017-09-05 16:00:00,10.43,14.84,0,-58724,0,0
2017-09-06 16:00:00,10.21,15.11,26854,0,0,0
2017-09-07 16:00:00,9.65,13.58,0,-152811,0,0
2017-09-08 16:00:00,9.54,13.97,39014,0,0,0
2017-09-11 16:00:00,9.53,14.73,75389,0,10253610,-9865905
2017-09-12 16:00:00,9.88,14.45,0,-27985,0,0
2017-09-13 16:00:00,10.01,15.15,70153,0,0,0
2017-09-14 16:00:00,9.65,16.39,124243,0,0,0
2017-09-15 16:00:00,9.69,16.71,31771,0,0,0
2017-09-18 16:00:00,10.03,17.26,55215,0,8552800,-8584718
2017-09-19 16:00:00,9.71,17.79,52741,0,0,0
2017-09-20 16:00:00,10.01,18.46,67041,0,0,0
2017-09-21 16:00:00,9.88,16.91,0,-155215,0,0
2017-09-22 16:00:00,9.87,16.51,0,-39796,0,0
2017-09-25 16:00:00,9.3,14.45,0,-206003,9642605,-9616556
2017-09-26 16:00:00,9.39,14.72,27171,0,0,0
2017-09-27 16:00:00,9.4,16.59,186596,0,0,0
2017-09-28 16:00:00,9.44,17.52,93773,0,0,0
2017-09-29 16:00:00,9.84,18.04,52145,0,0,0
2017-10-09 16:00:00,11.15,19.36,131765,0,8026893,-8439214
2017-10-10 16:00:00,11.37,19.02,0,-33851,0,0
2017-10-11 16:00:00,11.73,18.35,0,-66944,0,0
2017-10-12 16:00:00,12.03,18.57,21249,0,0,0
2017-10-13 16:00:00,12.26,19.05,48536,0,0,0
2017-10-16 16:00:00,12.04,18.46,0,-58872,9567993,-9158769
2017-10-17 16:00:00,12.03,18.72,26149,0,0,0
2017-10-18 16:00:00,12.92,18.97,24728,0,0,0
2017-10-19 16:00:00,12.55,17.76,0,-121218,0,0
2017-10-20 16:00:00,12.42,19.07,131321,0,0,0
2017-10-23 16:00:00,12.54,19.46,38309,0,10329605,-10315167
2017-10-24 16:00:00,13.36,20.06,59978.2,0,0,0
2017-10-25 16:00:00,13.86,20.34,28671,0,0,0
2017-10-26 16:00:00,14.33,20.4,5662,0,0,0
2017-10-27 16:00:00,15.15,19.96,0,-44114,0,0
2017-10-30 16:00:00,14.8,19.42,0,-53883,8835364,-8829415
2017-10-31 16:00:00,14.71,19.98,56364,0,0,0
2017-11-01 16:00:00,14.42,19.75,0,-22933,0,0
2017-11-02 16:00:00,14.44,19.03,0,-72562,0,0
2017-11-03 16:00:00,14.31,18.57,0,-45469,0,0
2017-11-06 16:00:00,15.12,19.72,114769,0,9096374,-9096399
2017-11-07 16:00:00,16.07,21.6,188195,0,0,0
2017-11-08 16:00:00,15.89,21.64,3455,0,0,0
2017-11-09 16:00:00,16.69,22.11,47438,0,0,0
2017-11-10 16:00:00,17.72,23.04,92902,0,0,0
2017-11-13 16:00:00,18.19,24.1,105645,0,8639425,-8640777
2017-11-14 16:00:00,17.36,23.87,0,-22884,0,0
2017-11-15 16:00:00,16.63,21.93,0,-194139,0,0
2017-11-16 16:00:00,17.53,22.64,71005,0,0,0
2017-11-17 16:00:00,17.98,20.92,0,-171326,0,0
2017-11-20 16:00:00,18.64,22.44,151602,0,9605880,-9604063
2017-11-21 16:00:00,20.75,23.45,100658,0,0,0
2017-11-22 16:00:00,21.03,23.64,19236,0,0,0
2017-11-23 16:00:00,17.45,21.2,0,-244074,0,0
2017-11-24 16:00:00,17.5,22.48,128154,0,0,0
2017-11-27 16:00:00,15.95,20.07,0,-241132,9347670,-9348146
2017-11-28 16:00:00,16.12,21.59,152076,0,0,0
2017-11-29 16:00:00,16.06,22.05,46372,0,0,0
2017-11-30 16:00:00,14.69,20.65,0,-140271,0,0
2017-12-01 16:00:00,14.47,21.12,46980,0,0,0
2017-12-04 16:00:00,15.06,21.22,10276,0,10036065,-10036443
2017-12-05 16:00:00,15.67,19.45,0,-177777,0,0
2017-12-06 16:00:00,14.97,19.96,51821,0,0,0
2017-12-07 16:00:00,13.69,19.34,0,-62146,0,0
2017-12-08 16:00:00,14.62,19.66,32241,0,0,0
2017-12-11 16:00:00,16.51,21.67,201051,0,9189310,-9188152
2017-12-12 16:00:00,14.98,20.44,0,-123434,0,0
2017-12-13 16:00:00,15.95,20.68,23796,0,0,0
2017-12-14 16:00:00,15.27,20.52,0,-15957,0,0
2017-12-15 16:00:00,13.97,20.33,0,-18571,0,0
2017-12-18 16:00:00,14.1,20.49,15839,0,8425921,-8825149
2017-12-19 16:00:00,15.53,20.94,44395,0,0,0
2017-12-20 16:00:00,15.39,20.12,0,-82041,0,0
2017-12-21 16:00:00,16.46,20.57,45281,0,0,0
2017-12-22 16:00:00,16.08,19.87,0,-69356,0,0
2017-12-25 16:00:00,15.71,19.68,0,-19717,10768959,-10375125
2017-12-26 16:00:00,16.05,20.48,79795,0,0,0
2017-12-27 16:00:00,14.27,20.03,0,-44724,0,0
2017-12-28 16:00:00,15.06,19.9,0,-12677,0,0
2017-12-29 16:00:00,15.4,20.69,79045,0,0,0
2018-01-02 16:00:00,17.02,22.73,204328,0,10105919,-10101432
2018-01-03 16:00:00,17.71,23.63,89526,0,0,0
2018-01-04 16:00:00,18.21,24.94,131122,0,0,0
2018-01-05 16:00:00,18.49,25.55,61269,0,0,0
2018-01-08 16:00:00,19.1,27.23,167862,0,8829869,-8829441
2018-01-09 16:00:00,19.94,26.77,0,-45937,0,0
2018-01-10 16:00:00,20.47,26.83,5471,0,0,0
2018-01-11 16:00:00,20.4,26.96,13135,0,0,0
2018-01-12 16:00:00,20.96,26.75,0,-20521,0,0
2018-01-15 16:00:00,20.97,25.2,0,-155769,9760095,-9759799
2018-01-16 16:00:00,21.92,27.01,181208,0,0,0
2018-01-17 16:00:00,21.62,25.88,0,-112513,0,0
2018-01-18 16:00:00,22.29,25.84,0,-4407,0,0
2018-01-19 16:00:00,22.69,25.32,0,-51594,0,0
2018-01-22 16:00:00,24.16,26.5,118040,0,10416544,-10416818
2018-01-23 16:00:00,25.47,27.24,73455,0,0,0
2018-01-24 16:00:00,25.68,28.75,151416,0,0,0
2018-01-25 16:00:00,24.97,27.44,0,-131210,0,0
2018-01-26 16:00:00,25.44,27.89,44554,0,0,0
2018-01-29 16:00:00,23.17,27.73,0,-15964,8628566,-8629111
2018-01-30 16:00:00,21.85,26.11,0,-161482,0,0
2018-01-31 16:00:00,22.42,24.27,0,-184082,0,0
2018-02-01 16:00:00,21.56,20.64,0,-363229,0,0
2018-02-02 16:00:00,22.28,22.8,216261,0,0,0
2018-02-05 16:00:00,22.37,24.45,165081,0,8929011,-8928252
2018-02-06 16:00:00,18.78,18.63,0,-582568,0,0
2018-02-07 16:00:00,15.96,18.01,0,-61967,0,0
2018-02-08 16:00:00,14.86,16.66,0,-135088,0,0
2018-02-09 16:00:00,9.96,9.82,0,-684001,0,0
2018-02-12 16:00:00,11.37,12.83,301870,0,8797565,-8797577
2018-02-13 16:00:00,12.68,12.78,0,-4945,0,0
2018-02-14 16:00:00,13.57,13,21032,0,0,0
2018-02-22 16:00:00,16.03,15.84,284600,0,7198957,-7198921
2018-02-23 16:00:00,16.55,15.69,0,-15586,0,0
2018-02-26 16:00:00,17.91,18.81,312896,0,7449925,-7471835
2018-02-27 16:00:00,16.21,19.09,27389,0,0,0
2018-02-28 16:00:00,15.2,19.5,41367,0,0,0
2018-03-01 16:00:00,15.92,19.98,48208,0,0,0
2018-03-02 16:00:00,14.99,19.48,0,-50752,0,0
2018-03-05 16:00:00,15.04,19.69,21309,0,8749955,-8727578
2018-03-06 16:00:00,16.42,21.17,148291,0,0,0
2018-03-07 16:00:00,15.57,19.91,0,-126278,0,0
2018-03-08 16:00:00,16.74,21.11,120435,0,0,0
2018-03-09 16:00:00,17.64,22.98,186508,0,0,0
2018-03-12 16:00:00,18.17,24.2,122114,0,8650191,-8654538
2018-03-13 16:00:00,17.13,23.66,0,-54174,0,0
2018-03-14 16:00:00,16.62,22.38,0,-127991,0,0
2018-03-15 16:00:00,17.27,22.37,0,-537,0,0
2018-03-16 16:00:00,16.13,21.07,0,-130240,0,0
2018-03-19 16:00:00,16.64,21.75,67546,0,9673232,-9673041
2018-03-20 16:00:00,16.74,21.57,0,-17505,0,0
2018-03-21 16:00:00,16.27,21.14,0,-42681,0,0
2018-03-22 16:00:00,15.1,20.55,0,-59467,0,0
2018-03-23 16:00:00,11.8,16.17,0,-438431,0,0
2018-03-26 16:00:00,11.08,17.28,111742,0,8045666,-8041452
2018-03-27 16:00:00,12.04,19.6,231628,0,0,0
2018-03-28 16:00:00,10.02,18.12,0,-147513,0,0
2018-03-29 16:00:00,11.49,18.8,67159,0,0,0
2018-03-30 16:00:00,11.61,19.93,113551,0,0,0
2018-04-02 16:00:00,11.28,21.53,159587,0,8448339,-8448415
2018-04-03 16:00:00,10.58,20.93,0,-59369,0,0
2018-04-04 16:00:00,10.36,19.98,0,-94843,0,0
2018-04-09 16:00:00,10.31,19.71,0,-27226,7193299,-7193661
2018-04-10 16:00:00,12.43,19.09,0,-62643,0,0
2018-04-11 16:00:00,12.75,19.71,62399,0,0,0
2018-04-12 16:00:00,11.62,19.43,0,-28074,0,0
2018-04-13 16:00:00,10.83,18.88,0,-54865,0,0
2018-04-16 16:00:00,9.05,18.42,0,-46466,8341786,-8341848
2018-04-17 16:00:00,7.32,15.71,0,-270360,0,0
2018-04-18 16:00:00,7.83,16.52,81236,0,0,0
2018-04-19 16:00:00,9.13,17.1,57828,0,0,0
2018-04-20 16:00:00,7.67,15.1,0,-200499,0,0
2018-04-23 16:00:00,7.83,13.62,0,-147609,9562378,-9562636
2018-04-24 16:00:00,10.04,15.71,208729,0,0,0
2018-04-25 16:00:00,9.61,15.7,0,-1192,0,0
2018-04-26 16:00:00,7.52,12.97,0,-272749,0,0
2018-04-27 16:00:00,7.56,13.31,34124,0,0,0
2018-05-02 16:00:00,7.75,14.19,88084,0,8241382,-8242023
2018-05-03 16:00:00,8.59,14.66,46457,0,0,0
2018-05-04 16:00:00,8.07,14.61,0,-4376,0,0
2018-05-07 16:00:00,9.77,16.45,183339.2,0,9280715,-9275232
2018-05-08 16:00:00,11.05,16.89,44516,0,0,0
2018-05-09 16:00:00,10.84,16.37,0,-52606,0,0
2018-05-10 16:00:00,11.46,17.4,103021,0,0,0
2018-05-11 16:00:00,10.88,17.01,0,-38857,0,0
2018-05-14 16:00:00,11.92,17.36,35570,0,9328969,-9329671
2018-05-15 16:00:00,12.35,18.69,133014,0,0,0
2018-05-16 16:00:00,11.45,18.21,0,-48002,0,0
2018-05-17 16:00:00,10.63,17.84,0,-36803,0,0
2018-05-18 16:00:00,11.74,18.92,107189,0,0,0
2018-05-21 16:00:00,12.26,20.25,133300.2,0,9939325,-9927675
2018-05-22 16:00:00,11.83,20.32,7383,0,0,0
2018-05-23 16:00:00,10.36,18.74,0,-157945,0,0
2018-05-24 16:00:00,9.57,18.68,0,-6534,0,0
2018-05-25 16:00:00,9.27,17.86,0,-81741,0,0
2018-05-28 16:00:00,9.74,17.87,1081,0,8179088,-8168377
2018-05-29 16:00:00,8.91,16.39,0,-148005,0,0
2018-05-30 16:00:00,6.6,14.66,0,-173537,0,0
2018-05-31 16:00:00,8.86,16.97,231173,0,0,0
2018-06-01 16:00:00,7.95,15.98,0,-99292,0,0
2018-06-04 16:00:00,9.01,16.4,42508,0,8815221,-8808654
2018-06-05 16:00:00,10.09,16.73,33316,0,0,0
2018-06-06 16:00:00,9.86,16.93,19971,0,0,0
2018-06-07 16:00:00,9.68,17.35,41789.84,0,0,0
2018-06-08 16:00:00,8.21,16.3,0,-104950.2,0,0
2018-06-11 16:00:00,8.22,16.72,41837,0,7656540,-7632479
2018-06-12 16:00:00,9.54,17.15,42695,0,0,0
2018-06-13 16:00:00,8.46,15.62,0,-152960.8,0,0
2018-06-14 16:00:00,8.03,15.54,0,-7293,0,0
2018-06-15 16:00:00,7.46,13.88,0,-166018,0,0
2018-06-19 16:00:00,3.67,10.06,0,-382520,7763008,-7750461
2018-06-20 16:00:00,4.08,10.52,45882,0,0,0
2018-06-21 16:00:00,2.87,8.58,0,-193770,0,0
2018-06-22 16:00:00,3.32,9.32,73944.4,0,0,0
2018-06-25 16:00:00,1.94,8.2,0,-111538.88,6274287,-6233855
2018-06-26 16:00:00,1.09,6.68,0,-152595,0,0
2018-06-27 16:00:00,-0.96,5.67,0,-100931.8,0,0
2018-06-28 16:00:00,-1.99,4.69,0,-98214.8,0,0
2018-06-29 16:00:00,0.52,7.18,249129.28,0,0,0
2018-07-02 16:00:00,-2.43,4.79,0,-239217,6995571,-6964548
2018-07-03 16:00:00,-2.39,6.32,153803.4,0,0,0
2018-07-04 16:00:00,-3.7,5.07,0,-124960.6,0,0
2018-07-05 16:00:00,-4.31,3.22,0,-185447,0,0
2018-07-06 16:00:00,-3.66,3.89,67294,0,0,0
2018-07-09 16:00:00,-0.96,5.97,207338,0,6644535,-6613396
2018-07-10 16:00:00,-0.73,6.61,64254.4,0,0,0
2018-07-11 16:00:00,-2.44,4.63,0,-197396.36,0,0
2018-07-12 16:00:00,-0.34,7.23,259670,0,0,0
2018-07-13 16:00:00,-0.01,7.21,0,-2371.6,0,0
2018-07-16 16:00:00,-0.6,7.44,23554,0,7605845,-7588124.2
2018-07-17 16:00:00,-1.25,7.41,0,-3499.9,0,0
2018-07-18 16:00:00,-1.76,6.82,0,-59205.2,0,0
2018-07-19 16:00:00,-1.85,6.41,0,-40867.2,0,0
2018-07-20 16:00:00,0,7.19,77867.5,0,0,0
2018-07-23 16:00:00,0.94,8.96,177750,0,7655333,-7639496
2018-07-24 16:00:00,2.54,10.34,137214,0,0,0
2018-07-25 16:00:00,2.43,9.79,0,-54208,0,0
2018-07-26 16:00:00,1.24,9.29,0,-50384.4,0,0
2018-07-27 16:00:00,0.81,8.89,0,-39536,0,0
2018-07-30 16:00:00,0.64,8.02,0,-87077,8579736,-8576410
2018-07-31 16:00:00,0.71,8.03,129.68,0,0,0
2018-08-01 16:00:00,-1.3,5.5,0,-252315,0,0
2018-08-02 16:00:00,-3.49,2.98,0,-252120,0,0
2018-08-03 16:00:00,-5.08,1.84,0,-113701,0,0
2018-08-06 16:00:00,-6.29,-1,0,-284244,8485069,-8482215
2018-08-07 16:00:00,-3.55,1.04,203535.24,0,0,0
2018-08-08 16:00:00,-5.11,-1.13,0,-216238.44,0,0
2018-08-09 16:00:00,-2.73,0.37,149554,0,0,0
2018-08-10 16:00:00,-2.52,0.26,0,-10926,0,0
2018-08-13 16:00:00,-2.94,1.25,98854,0,9151649,-9138589
2018-08-14 16:00:00,-3.43,1,0,-24984,0,0
2018-08-15 16:00:00,-5.75,-0.87,0,-186595,0,0
2018-08-16 16:00:00,-6.19,-1.32,0,-45393,0,0
2018-08-17 16:00:00,-7.54,-2.95,0,-162776.6,0,0
2018-08-20 16:00:00,-6.46,-2.29,65809,0,7751343,-7750552
2018-08-21 16:00:00,-4.76,-1.58,71040,0,0,0
2018-08-22 16:00:00,-5.29,-2.18,0,-59687,0,0
2018-08-23 16:00:00,-4.95,-1.98,20164,0,0,0
2018-08-24 16:00:00,-4.8,-1.8,17048,0,0,0
2018-08-27 16:00:00,-2.47,0.38,218058,0,7554362,-7555029
2018-08-28 16:00:00,-2.65,0.8,42180,0,0,0
2018-08-29 16:00:00,-3.04,0.41,0,-39160,0,0
2018-08-30 16:00:00,-4.06,-0.81,0,-121266,0,0
2018-08-31 16:00:00,-4.53,-0.93,0,-12210,0,0
2018-09-03 16:00:00,-4.9,-0.3,63225,0,7478151,-7478000
2018-09-04 16:00:00,-3.69,1.26,155301,0,0,0
2018-09-05 16:00:00,-5.58,0.24,0,-101696,0,0
2018-09-06 16:00:00,-6.58,-0.37,0,-60764,0,0
2018-09-07 16:00:00,-6.16,-0.41,0,-4201,0,0
2018-09-10 16:00:00,-7.52,-1.47,0,-105627,8622595,-8622391
2018-09-11 16:00:00,-7.69,-1.24,22377,0,0,0
2018-09-12 16:00:00,-8.33,-1.72,0,-48046,0,0
2018-09-13 16:00:00,-7.34,-1.06,66590,0,0,0
2018-09-14 16:00:00,-7.18,-1.14,0,-7927,0,0
2018-09-17 16:00:00,-8.24,-2.61,0,-147509,8125637,-8125294
2018-09-18 16:00:00,-6.4,-0.8,180682,0,0,0
2018-09-19 16:00:00,-5.16,0.34,114846,0,0,0
2018-09-20 16:00:00,-5.23,0.24,0,-10649,0,0
2018-09-21 16:00:00,-2.36,2.96,272248,0,0,0
2018-09-25 16:00:00,-3.24,2.77,0,-18849,6392324,-6434087
2018-09-26 16:00:00,-2.17,3.68,90648,0,0,0
2018-09-27 16:00:00,-2.56,2.52,0,-116062,0,0
2018-09-28 16:00:00,-1.55,3.53,100783,0,0,0
2018-10-08 16:00:00,-5.78,0.38,0,-314321,7035650,-6993918
2018-10-09 16:00:00,-5.85,0.42,4026,0,0,0
2018-10-10 16:00:00,-6.05,0.13,0,-29503,0,0
2018-10-11 16:00:00,-10.56,-4.9,0,-502451,0,0
2018-10-12 16:00:00,-9.22,-5.45,0,-55748,0,0
2018-10-15 16:00:00,-10.49,-7.16,0,-170345,7842662,-7858128
2018-10-16 16:00:00,-11.22,-8.81,0,-164974,0,0
2018-10-17 16:00:00,-10.73,-8.2,61215,0,0,0
2018-10-18 16:00:00,-12.84,-10.46,0,-226907,0,0
2018-10-19 16:00:00,-10.25,-7.96,250852,0,0,0
2018-10-22 16:00:00,-6.37,-2.02,593314,0,7925382,-7910221
2018-10-23 16:00:00,-8.86,-3.01,0,-98473,0,0
2018-10-24 16:00:00,-8.72,-2.76,24330,0,0,0
2018-10-25 16:00:00,-8.55,-0.92,184397,0,0,0
2018-10-26 16:00:00,-9.14,-2.43,0,-151221,0,0
2018-10-29 16:00:00,-11.91,-4.38,0,-194866,8013263,-8013492
2018-10-30 16:00:00,-10.95,-2.38,200613,0,0,0
2018-10-31 16:00:00,-9.71,-1.67,70462,0,0,0
2018-11-01 16:00:00,-9.04,-0.6,107319,0,0,0
2018-11-02 16:00:00,-5.8,2.44,304146,0,0,0
2018-11-05 16:00:00,-6.59,2.29,0,-15146,7079696,-7079379
2018-11-06 16:00:00,-7.15,1.32,0,-97554,0,0
2018-11-07 16:00:00,-7.76,0.37,0,-94376,0,0
2018-11-08 16:00:00,-8.02,-0.96,0,-133318,0,0
2018-11-09 16:00:00,-9.32,-1.81,0,-85355,0,0
2018-11-12 16:00:00,-8.24,0.53,234101,0,6836402,-7166100
2018-11-13 16:00:00,-7.31,1.88,134964,0,0,0
2018-11-14 16:00:00,-8.24,1.27,0,-60852,0,0
2018-11-15 16:00:00,-7.17,2.67,140619,0,0,0
2018-11-16 16:00:00,-6.73,4.42,174270,0,0,0
2018-11-19 16:00:00,-5.68,7.01,259675,0,7972753,-7643296
2018-11-20 16:00:00,-7.86,3.13,0,-388551,0,0
2018-11-21 16:00:00,-7.63,3.88,74740,0,0,0
2018-11-22 16:00:00,-7.97,3.46,0,-41836,0,0
2018-11-23 16:00:00,-10,-0.71,0,-416636,0,0
2018-11-26 16:00:00,-10.07,-0.57,14276,0,7692243,-7697370
2018-11-27 16:00:00,-10.18,-0.48,8919,0,0,0
2018-11-28 16:00:00,-8.99,1.42,189475,0,0,0
2018-11-29 16:00:00,-10.17,-0.88,0,-230172,0,0
2018-11-30 16:00:00,-9.17,0.07,95079,0,0,0
2018-12-03 16:00:00,-6.64,3.92,385701,0,6573880,-6573686
2018-12-04 16:00:00,-6.45,4.29,36731,0,0,0
2018-12-05 16:00:00,-6.9,4.11,0,-17757,0,0
2018-12-06 16:00:00,-8.91,2.09,0,-202190,0,0
2018-12-07 16:00:00,-8.91,2.34,24370,0,0,0
2018-12-10 16:00:00,-9.97,2.54,20127,0,9164047,-9162492
2018-12-11 16:00:00,-9.54,2.8,26077,0,0,0
2018-12-12 16:00:00,-9.23,2.98,18495,0,0,0
2018-12-13 16:00:00,-7.82,4.33,134336,0,0,0
2018-12-14 16:00:00,-9.36,1.87,0,-245670,0,0
2018-12-17 16:00:00,-9.5,1.95,7991,0,8448973,-8787107
2018-12-18 16:00:00,-10.43,0.93,0,-101627,0,0
2018-12-19 16:00:00,-11.5,-0.24,0,-117422,0,0
2018-12-20 16:00:00,-12.18,-0.36,0,-12130,0,0
2018-12-21 16:00:00,-13.27,-1.1,0,-74041,0,0
2018-12-24 16:00:00,-13.02,-0.81,29122,0,7902844,-7564664
2018-12-25 16:00:00,-13.62,-1.94,0,-113028,0,0
2018-12-26 16:00:00,-14.05,-2.47,0,-53155,0,0
2018-12-27 16:00:00,-14.38,-3.59,0,-111570,0,0
2018-12-28 16:00:00,-13.81,-3.56,3174,0,0,0
2019-01-02 16:00:00,-14.98,-4.42,0,-86220,8728825,-8730451
2019-01-03 16:00:00,-15.12,-4.64,0,-22404,0,0
2019-01-04 16:00:00,-13.08,-1.84,280482,0,0,0
2019-01-07 16:00:00,-12.56,-1,84187,0,6693972,-6688886
2019-01-08 16:00:00,-12.75,-0.56,43630,0,0,0
2019-01-09 16:00:00,-11.86,-0.77,0,-21400,0,0
2019-01-10 16:00:00,-12.03,-2.36,0,-158926,0,0
2019-01-11 16:00:00,-11.4,-1.83,53471,0,0,0
2019-01-14 16:00:00,-12.17,-0.95,87750,0,8561155,-8564631
2019-01-15 16:00:00,-10.45,0.39,133933,0,0,0
2019-01-16 16:00:00,-10.43,0.33,0,-5846,0,0
2019-01-17 16:00:00,-10.92,0.06,0,-27221,0,0
2019-01-18 16:00:00,-9.3,1.56,150004,0,0,0
2019-01-21 16:00:00,-8.8,2.24,68453,0,8817250,-8821249
2019-01-22 16:00:00,-10.01,0.83,0,-141070,0,0
2019-01-23 16:00:00,-10.07,0.54,0,-29364,0,0
2019-01-24 16:00:00,-9.57,1.32,78097,0,0,0
2019-01-25 16:00:00,-8.83,0.9,0,-41333,0,0
2019-01-28 16:00:00,-8.85,1.28,37753,0,8476198,-8813528
2019-01-29 16:00:00,-8.56,0.77,0,-51214,0,0
2019-01-30 16:00:00,-9.29,0.09,0,-67754,0,0
2019-01-31 16:00:00,-8.34,-1.09,0,-117859,0,0
2019-02-01 16:00:00,-7.03,1.66,274805,0,0,0
2019-02-11 16:00:00,-5.34,4.54,287752,0,8511642,-8171758
2019-02-12 16:00:00,-4.65,6.58,204373,0,0,0
2019-02-13 16:00:00,-2.74,9.78,319743,0,0,0
2019-02-14 16:00:00,-2.6,10.11,33248,0,0,0
2019-02-15 16:00:00,-4.41,9.28,0,-83288,0,0
2019-02-18 16:00:00,-1.35,14.14,485609,0,9861210,-9878080
2019-02-19 16:00:00,-1.53,14.7,56139,0,0,0
2019-02-20 16:00:00,-1.17,14.94,23893,0,0,0
2019-02-21 16:00:00,-1.44,14.78,0,-15834,0,0
2019-02-22 16:00:00,0.78,19.86,507832,0,0,0
2019-02-25 16:00:00,6.77,28.9,904227,0,9524692,-9503142
2019-02-26 16:00:00,5.49,27.39,0,-150878,0,0
2019-02-27 16:00:00,5.31,26.94,0,-44609,0,0
2019-02-28 16:00:00,5.05,26.27,0,-67279,0,0
2019-03-01 16:00:00,7.35,28.86,259020,0,0,0
2019-03-04 16:00:00,8.62,33.19,432946,0,9134539,-9133897
2019-03-05 16:00:00,9.25,35.16,196460,0,0,0
2019-03-06 16:00:00,10.17,37.54,238031,0,0,0
2019-03-07 16:00:00,9.05,37.29,0,-25015,0,0
2019-03-08 16:00:00,4.72,32.27,0,-501550,0,0
2019-03-11 16:00:00,6.79,35.63,335565,0,9709301,-10148163
2019-03-12 16:00:00,7.51,37.41,178190,0,0,0
2019-03-13 16:00:00,6.62,33.85,0,-356059,0,0
2019-03-14 16:00:00,5.89,28.47,0,-537236,0,0
2019-03-15 16:00:00,7.22,30.12,164394,0,0,0
2019-03-18 16:00:00,10.27,34.11,398735,0,8738747,-8303752
2019-03-19 16:00:00,9.77,34.64,53674,0,0,0
2019-03-20 16:00:00,9.81,34.4,0,-23780,0,0
2019-03-21 16:00:00,9.85,35.04,63432,0,0,0
2019-03-22 16:00:00,9.76,35.24,20135,0,0,0
2019-03-25 16:00:00,7.16,34.18,0,-106141,9779015,-10214613
2019-03-26 16:00:00,5.94,31.02,0,-316012,0,0
2019-03-27 16:00:00,7.17,31.77,75085,0,0,0
2019-03-28 16:00:00,6.74,29.79,0,-197900,0,0
2019-03-29 16:00:00,10.86,33.41,361734,0,0,0
2019-04-01 16:00:00,13.77,38.38,497490,0,6934835,-6499533
2019-04-02 16:00:00,13.7,39.68,129403,0,0,0
2019-04-03 16:00:00,15.15,43.02,334162,0,0,0
2019-04-04 16:00:00,16.3,45.21,219495,0,0,0
2019-04-08 16:00:00,16.16,43.81,0,-140785,10235230,-10232166
2019-04-09 16:00:00,16.68,42.86,0,-94501,0,0
2019-04-10 16:00:00,16.98,42.59,0,-27528,0,0
2019-04-11 16:00:00,14.45,39.6,0,-298427,0,0
2019-04-12 16:00:00,14.19,40.21,60489,0,0,0
2019-04-15 16:00:00,13.82,38.38,0,-182361,12347505,-12353757
2019-04-16 16:00:00,16.97,41.49,310728,0,0,0
2019-04-17 16:00:00,17.02,42.9,141077,0,0,0
2019-04-18 16:00:00,16.58,41.42,0,-147957,0,0
2019-04-19 16:00:00,17.97,42.7,127735,0,0,0
2019-04-22 16:00:00,15.25,39.53,0,-316461,11461758,-11459552
2019-04-23 16:00:00,15.06,36.53,0,-299942,0,0
2019-04-24 16:00:00,15.38,37.24,70288,0,0,0
2019-04-25 16:00:00,12.85,32.26,0,-497510,0,0
2019-04-26 16:00:00,11.35,30.62,0,-164176,0,0
2019-04-29 16:00:00,11.67,28.73,0,-188794,9620490,-10490473
2019-04-30 16:00:00,12.03,29.67,93731,0,0,0
2019-05-06 16:00:00,5.49,23.31,0,-635932,8044001,-7585697
2019-05-07 16:00:00,6.52,23.64,32822,0,0,0
2019-05-08 16:00:00,5,21.71,0,-193335,0,0
2019-05-09 16:00:00,3.06,19.81,0,-189105,0,0
2019-05-10 16:00:00,6.8,23.22,341044,0,0,0
2019-05-13 16:00:00,5.03,22.58,0,-64221,8612716,-8196480
2019-05-14 16:00:00,4.36,21.41,0,-117383,0,0
2019-05-15 16:00:00,6.71,23.14,172677,0,0,0
2019-05-16 16:00:00,7.19,24.96,182700,0,0,0
2019-05-17 16:00:00,4.46,21.79,0,-317552,0,0
2019-05-20 16:00:00,3.58,21.44,0,-34448,8527442,-8577633
2019-05-21 16:00:00,4.98,23.94,249322,0,0,0
2019-05-22 16:00:00,4.48,22.64,0,-129349,0,0
2019-05-23 16:00:00,2.61,20.36,0,-228333,0,0
2019-05-24 16:00:00,2.89,19.45,0,-90721,0,0
2019-05-27 16:00:00,4.13,22.49,303719,0,8528097,-8472727
2019-05-28 16:00:00,5.14,22.17,0,-31586,0,0
2019-05-29 16:00:00,4.9,21.89,0,-28408,0,0
2019-05-30 16:00:00,4.25,20.67,0,-121591,0,0
2019-05-31 16:00:00,3.92,20.49,0,-18564,0,0
2019-06-03 16:00:00,3.98,19.73,0,-75963,9464106,-9458439
2019-06-04 16:00:00,3.02,18.01,0,-171598,0,0
2019-06-05 16:00:00,2.98,17.53,0,-47983.32,0,0
2019-06-06 16:00:00,2.06,16.2,0,-133150,0,0
2019-06-10 16:00:00,3.37,17.46,125914,0,8866989,-8861667
2019-06-11 16:00:00,6.48,20.92,346148,0,0,0
2019-06-12 16:00:00,5.67,19.51,0,-141373.84,0,0
2019-06-13 16:00:00,5.51,19.53,2067,0,0,0
2019-06-14 16:00:00,4.64,17.48,0,-204927,0,0
2019-06-17 16:00:00,4.64,17.08,0,-39697,10171667,-10163564
2019-06-18 16:00:00,5,17.64,55512,0,0,0
2019-06-19 16:00:00,6.39,18.59,94859,0,0,0
2019-06-20 16:00:00,9.61,20.99,240060,0,0,0
2019-06-21 16:00:00,9.76,22.8,181015,0,0,0
2019-06-24 16:00:00,9.97,23.41,61346,0,9926038,-9905610
2019-06-25 16:00:00,8.83,23.29,0,-12017.4,0,0
2019-06-26 16:00:00,8.63,21.35,0,-193462,0,0
2019-06-27 16:00:00,9.79,21.86,50959,0,0,0
2019-06-28 16:00:00,9.53,20.92,0,-94028,0,0
